anonID,importId,goal,goal_type,moveIDs,game_no
bAXR6LSt9H,20340,move blue B,move,"[ (69, 80),(85, 78),(89, 88),(107, 62),(73, 61),(91, 63),(72, 91),(90, 60),(77, 42) ]",1
2LrXSxmseF,75842,fill nocolor A1,fill,"[ (59, 56),(75, 55),(93, 54),(94, 38),(77, 37),(95, 36),(79, 18),(97, 19),(80, 20),(98, 0),(99, 1),(82, 2) ]",2
1fQKinsJth,39277,cover green all,cover,"[ (60, 56),(64, 69),(79, 70),(78, 68),(82, 84),(100, 83),(99, 75) ]",3
Ht35DeqLb3,26365,move green A2,move,"[ (79, 94),(97, 76),(99, 59),(100, 58),(65, 100),(83, 41),(101, 23),(102, 40),(67, 102),(85, 84),(104, 22),(103, 5) ]",4
MtbTXANUqM,53968,fill nocolor B1,fill,"[ (59, 60),(77, 79),(95, 61),(58, 62),(63, 44),(81, 43),(99, 42),(100, 26),(65, 25),(83, 24),(101, 8),(76, 7),(94, 6) ]",5
OStlH2C3nY,26316,cover blue all,cover,"[ (58, 75),(84, 65),(82, 81),(102, 80),(103, 70),(89, 78) ]",6
Pahd3wUdt8,47326,move red B1,move,"[ (74, 78),(81, 60),(77, 76),(95, 61),(99, 44),(102, 43),(83, 46),(101, 42),(69, 26) ]",7
aWWYOjqXBU,64140,fill nocolor C2,fill,"[ (104, 70),(85, 71),(66, 51),(103, 52),(84, 53),(102, 33),(83, 34),(101, 35),(62, 15),(99, 16),(97, 17) ]",8
Nw3Oi6Ve8i,36524,cover red all,cover,"[ (72, 74),(90, 75),(60, 76),(83, 63),(101, 59),(67, 87) ]",9